{"setup_time": 0.00015234947204589844, "solve_time": 0.003607511520385742}