{"setup_time": 0.00013017654418945312, "solve_time": 0.001604318618774414}