{"setup_time": 0.00012183189392089844, "solve_time": 0.002023458480834961}