{"setup_time": 0.0001304149627685547, "solve_time": 0.005633354187011719}